,Air temperature [K],Process temperature [K],Rotational speed [rpm],Torque [Nm],Tool wear [min],Machine failure,TWF,HDF,PWF,OSF,RNF
count,10000.0,10000.0,10000.0,10000.0,10000.0,10000.0,10000.0,10000.0,10000.0,10000.0,10000.0
mean,300.00493,310.00556,1538.7761,39.986909999999995,107.951,0.0339,0.0046,0.0115,0.0095,0.0098,0.0019
std,2.000258682915751,1.4837342191657208,179.2840959134266,9.968933725121337,63.654146636636355,0.18098084265065364,0.06767051004531426,0.10662498247919606,0.09700871645943425,0.09851360562404211,0.043549737748530666
min,295.3,305.7,1168.0,3.8,0.0,0.0,0.0,0.0,0.0,0.0,0.0
25%,298.3,308.8,1423.0,33.2,53.0,0.0,0.0,0.0,0.0,0.0,0.0
50%,300.1,310.1,1503.0,40.1,108.0,0.0,0.0,0.0,0.0,0.0,0.0
75%,301.5,311.1,1612.0,46.8,162.0,0.0,0.0,0.0,0.0,0.0,0.0
max,304.5,313.8,2886.0,76.6,253.0,1.0,1.0,1.0,1.0,1.0,1.0
